"ID","Cluster","MemVal","Class","SoilPlot","AnnualForb","AnnualGrass","Carex","Moss","PerennialForb","PerennialGrass","Shrub","DensiCanopyCover","TotalFoliar","bare_ground","TreeCount","MeanDBH","LargeGaps","MeanHeight"
70,"V1",0.546,"Woodland","SSN17",6.7,26.2,37.5,0,8.8,32.5,20,36,37.5,20,73,13.4452054794521,2,230.5
30,"V1",0.576,"Woodland","NLO14",5.6,0,0,0,32.5,14.5,26.2,36,25,6,89,13.0595505617978,3,246
67,"V1",0.585,"Woodland","SSN14",18.3,29,0,0,8.8,50,2.5,52,65,12,55,16.0945454545455,0,278
34,"V1",0.609,"Woodland","NLO18",2.5,18.3,26.2,0,2.5,13.4,8.8,71,30,12,32,22.296875,3,290.5
15,"V1",0.652,"Woodland","LU15",0,0,2.5,0,2.5,45.8,2.5,50,47.5,38,142,9.66197183098592,0,272.5
18,"V1",0.67,"Woodland","LU18",5.6,18.3,0,0,11.2,26.2,2.5,43,45,6,53,14.7150943396226,1,242.5
11,"V1",0.675,"Woodland","LU11",2.5,15,15,0,2.5,30,30.8,33,57.5,14,30,21.4,1,310
39,"V1",0.687,"Woodland","SS05",2.5,2.5,0,0,11.6,9.8,21.5,21,50,40,68,16.4838235294118,1,350
69,"V1",0.703,"Woodland","SSN16",0,2.5,0,0,2.5,8.8,18.3,56,25,14,93,13.4494623655914,4,298
68,"V1",0.729,"Woodland","SSN15",12.9,37.5,37.5,0,2.5,15,20,47,40,28,53,14.188679245283,1,330
29,"V1",0.781,"Woodland","NLO13",2.5,0,2.5,0,2.5,21.7,26.5,34,50,4,68,15.7191176470588,0,232.5
35,"V1",0.83,"Woodland","NLO19",2.5,0,0,0,8.8,6.7,8.8,65,13.8,8,78,13.1282051282051,3,268
65,"V1",0.848,"Woodland","SSN12",18.3,15,0,0,0,17.5,0,70,45,14,66,14.4848484848485,1,292.5
62,"V1",0.871,"Woodland","SSN09",5.6,0,30,0,15,2.5,18.3,56,30,2,58,20.2568965517241,3,310
28,"V1",0.878,"Woodland","NLO12",0,0,0,0,2.5,17,20,62,27.5,10,80,15.39,3,283.5
12,"V1",0.884,"Woodland","LU12",2.5,0,2.5,0,2.5,17.5,14.4,67,32.5,24,78,13.6564102564103,3,350
8,"V1",0.915,"Woodland","LU08",0,0,0,38.3,7.5,8.8,15.8,80,55,2,149,10.5187919463087,0,350
31,"V1",0.93,"Woodland","NLO15",0,2.5,0,0,15,10.4,14.4,51,42.5,6,50,17.202,2,302.5
72,"V1",0.95,"Woodland","SSN19",6.7,0,8.8,0,8.8,15,19,51,28.8,20,66,15.2878787878788,2,322.5
66,"V1",0.957,"Woodland","SSN13",10.8,2.5,0,0,10.8,36,10.8,57,50,4,95,14.1915789473684,3,330
54,"V1",0.961,"Woodland","SSN01",2.5,2.5,10.8,0,15,14.2,14.5,48,25,18,73,13.6931506849315,1,300
1,"V1",0.963,"Woodland","LU01",15,0,0,0,8.8,20.4,5,63,28.8,0,119,11.7487394957983,2,350
13,"V1",0.973,"Woodland","LU13",14.4,15,2.5,2.5,6.7,33.5,17.9,68,47.5,2,82,17.3658536585366,2,330
59,"V1",0.974,"Woodland","SSN06",2.5,2.5,2.5,0,20.4,32.5,26.5,63,60,8,136,11.0529411764706,1,298
73,"V1",0.974,"Woodland","SSN20",2.5,0,15,0,15,31.7,24,54,47.5,2,109,12.7201834862385,2,278
17,"V1",0.977,"Woodland","LU17",0,0,0,0,10.8,2.5,26.1,82,40,0,154,12.9175324675325,1,350
20,"V1",0.98,"Woodland","LU20",8.8,0,15,0,15,27.9,8.8,63,45,18,73,15.1506849315068,1,330
14,"V1",0.982,"Woodland","LU14",2.5,0,2.5,0,2.5,18.3,30.8,67,42.5,14,91,12.3846153846154,0,330
60,"V1",0.985,"Woodland","SSN07",2.5,18.3,2.5,0,8.8,20.6,14.2,66,50,14,114,12.7517543859649,0,322.5
16,"V1",0.988,"Woodland","LU16",8.8,0,0,0,8.8,16.9,25,66,55,0,130,13.3176923076923,0,350
9,"V1",0.993,"Woodland","LU09",2.5,0,15,0,5.6,14.8,14.4,67,35,4,90,16.4522222222222,1,350
22,"V2",0.549,"Grassland","NLO06",2.5,37.5,0,0,0,7.9,0,5,42.5,44,4,14.8,2,157.5
24,"V2",0.565,"Savanna","NLO08",2.5,0,2.5,0,0,38.2,15,29,62.5,28,19,18.5421052631579,0,192.5
2,"V2",0.61,"Grassland","LU02",0,37.5,0,0,15,14.5,0,0,37.5,42,0,0,3,160
5,"V2",0.717,"Savanna","LU05",0,2.5,0,0,0,31.2,38.3,7,65,18,20,13.38,0,200
10,"V2",0.783,"Grassland","LU10",0,8.8,2.5,0,26.2,34.2,15,0,55,26,8,12.3,0,220
51,"V2",0.833,"Savanna","SS18",2.5,54.2,0,0,26.2,19.7,38.8,0,62.5,62,3,6.2,1,61.5
49,"V2",0.854,"Savanna","SS15",4.6,37.5,0,0,18.3,29.1,20,10,57.5,58,37,9.42432432432432,0,30.75
47,"V2",0.919,"Savanna","SS13",8.3,37.5,0,0,0,40.5,0,5,58.8,61,28,7.61428571428571,2,78.5
21,"V2",0.948,"Grassland","NLO05",50,2.5,0,0,0,46.4,15,0,80,10,0,0,0,105
6,"V2",0.957,"Grassland","LU06",0,32.5,54.2,0,6.7,21.1,0,0,70,40,0,0,0,240
50,"V2",0.965,"Woodland","SS17",0,17.5,15,0,0,42.1,0,0,70,72,2,36.45,0,66
42,"V2",0.968,"Grassland","SS16",2.5,0,0,0,0,38.8,0,0,77.5,12,27,20.2,0,150
46,"V2",0.977,"Grassland","SS12",15,15,26.2,0,2.5,39.7,0,0,70,42,4,11.225,0,190.5
63,"V2",0.979,"Grassland","SSN10",0,60,15,0,2.5,70.6,0,0,98,0,0,0,0,142.5
56,"V2",0.983,"Grassland","SSN03",8.8,50,0,0,0,17,6.7,0,50,24,0,0,0,157.5
53,"V2",0.994,"Grassland","SS20",0,15,0,15,0,28.1,0,0,65,14,0,0,0,150
55,"V2",0.994,"Grassland","SSN02",2.5,37.5,2.5,0,0,70,2.5,0,90,10,0,0,0,120
57,"V2",0.994,"Grassland","SSN04",2.5,8.8,2.5,0,0,48.2,0,0,77.5,12,0,0,1,140
43,"V2",0.995,"Grassland","SS09",0,0,0,0,0,50,0,0,72.5,66,0,0,0,93.5
4,"V2",0.997,"Grassland","LU04",2.5,0,0,0,0,26.5,0,0,62.5,44,0,0,0,150
38,"V2",0.999,"Grassland","SS04",0,26.7,0,0,0,28.7,0,0,70,14,0,0,0,127.5
71,"V2",0.999,"Grassland","SSN18",2.5,30,0,0,2.5,26.5,0,0,62.5,30,0,0,0,153
36,"V3",0.493,"Savanna","NLO20",4.6,2.5,2.5,0,0,20.5,0,9,40,54,41,10.7146341463415,0,220
64,"V3",0.633,"Woodland","SSN11",10,0,10.4,0,8.8,20,14.2,40,30,10,59,13.5203389830508,3,226.5
58,"V3",0.695,"Woodland","SSN05",6.1,0,18.3,0,11.2,26.2,8.8,35,40,16,51,14.9588235294118,2,201
37,"V3",0.769,"Savanna","SS03",8.8,20,0,0,37.5,26,2.5,21,40,52,16,14.25,2,203
32,"V3",0.787,"Woodland","NLO16",0,0,0,0,0,7.5,2.5,48,12.5,0,76,17.7802631578947,4,228
25,"V3",0.795,"Savanna","NLO09",37.5,2.5,0,0,2.5,14.4,14.5,32,40,42,83,8.7421686746988,2,225
7,"V3",0.8,"Savanna","LU07",2.5,0,0,0,0,18.3,14.4,17,40,6,50,11.894,1,162.5
26,"V3",0.821,"Savanna","NLO10",2.5,0,15,0,0,21.5,0,0.5,42.5,40,3,26.8666666666667,4,150
19,"V3",0.865,"Savanna","LU19",0,0,0,0,2.5,14.2,9.6,0,37.5,26,0,0,4,168
44,"V3",0.894,"Woodland","SS10",18.3,8.8,0,0,2.5,11.9,18.3,37,45,30,36,15.5166666666667,2,201
3,"V3",0.902,"Woodland","LU03",2.5,0,0,0,0,25,22,12,45,12,49,13.0775510204082,2,180
48,"V3",0.921,"Woodland","SS14",2.5,38.8,0,0,0,32.5,26.2,35,32.5,54,45,16.2244444444444,4,188.5
61,"V3",0.931,"Savanna","SSN08",6.7,0,0,0,2.5,19,2.5,23,35,12,73,8.2972602739726,4,270
40,"V3",0.945,"Woodland","SS06",2.5,15,0,0,25.8,25.4,18.3,20,35,26,39,15.5897435897436,4,220
45,"V3",0.969,"Woodland","SS11",12.9,0,0,0,2.5,20,2.5,24,26.2,30,75,10.8493333333333,3,235.25
27,"V3",0.974,"Savanna","NLO11",0,0,0,0,0,9.4,23.1,33,25,24,41,15.1243902439024,4,230
33,"V3",0.974,"Savanna","NLO17",0,0,2.5,0,0,8.8,18.3,32,30,54,54,12.4518518518519,3,168.5
41,"V3",0.977,"Savanna","SS08",2.5,6.7,0,0,8.8,22.5,0,27,25,34,27,20.2,3,185
23,"V3",0.987,"Savanna","NLO07",0,2.5,2.5,0,0,24.2,0,20,30,36,33,15.5212121212121,4,270
52,"V3",0.989,"Savanna","SS19",0,2.5,0,0,0,15.9,0,19,23.8,48,29,12.348275862069,4,228
